RETAILER_SITE_CODE,RETAILER_CODE,ADDRESS1,ADDRESS2,CITY,REGION,POSTAL_ZONE,COUNTRY_CODE,ACTIVE_INDICATOR
1,89,1117 Franklin Blvd,,Winnipeg,Manitoba,R2C 0M5,4,true
2,89,"45, rue Atwater",,Montréal,Québec,H2T 9K8,4,true
3,89,328 Hodgson Road,,Fredericton,New Brunswick,E3B 2H2,4,true
4,90,"2425, rue Peel",,Montréal,Québec,H4G 3T4,4,true
5,90,34 8th Avenue,,Sudbury,Ontario,M5V 1G5,4,true
6,90,"45, rue Stanley",,Tremblant,Québec,H5Y 2S9,4,true
7,90,23 Louis Riel Drive,,Regina,Saskatchewan,S1J 3C5,4,true
8,91,56 North Way Street,,Whitehorse,Yukon,Y2K 6R0,4,true
9,92,601 Bay Street,,Toronto,Ontario,M2M 7K8,4,true
10,92,"Suite 1500, 802 Docklands Street",,Vancouver,British Columbia,V6E 3Z3,4,true
11,92,"Suite 125, 129th Street",,Vancouver,British Columbia,V1E 4R6,4,true
12,92,"Suite 5034, 34 Broadway Street",,Vancouver,British Columbia,V5R 1W3,4,true
13,92,"18, rue Rousseau",,Montréal,Québec,H2T 2J6,4,true
14,93,"500, Place d'Armes",Bureau 1061,Montréal,Québec,H2Y 2W2,4,true
15,94,82 Creekside Drive,,Victoria,British Columbia,V10 6T5,4,true
16,94,"48, rue Leduc",,Hull,Québec,J8Y 3Z5,4,false
17,95,"203, boul. Guy",,Montréal,Québec,H3T 8L4,4,true
18,95,"603, 42 Bloor St.",,Toronto,Ontario,M1R 4K3,4,true
19,95,9755 Riverside Drive,,Ottawa,Ontario,K1G 4Z0,4,true
20,95,2200 Argyle Street,,Halifax,Nova Scotia,B3J 9S2,4,true
21,95,56 Bear Road,,Dawson Creek,British Columbia,U5I 4F1,4,true
22,96,"Suite 12, 801 Dundas Street",,Toronto,Ontario,M8Y 4K8,4,true
23,96,"2, boul. Sherbrooke",,Montréal,Québec,H2Y 4R4,4,true
24,96,897 Esplanade Street,,Toronto,Ontario,M2Z 4K1,4,true
25,96,"Suite 1331, 123 Main St.",,Ottawa,Ontario,K1F 2R2,4,true
26,96,362 Duckworth Street,,St. John's,Newfoundland,A1C 6H9,4,true
27,97,"87, 2399 Somerset Avenue",,Toronto,Ontario,M2P 4F6,4,true
28,97,"1501, 306 6th Avenue",,Winnipeg,Manitoba,R6Y 4T5,4,true
29,97,"Suite 1000, 56 King Street",,Toronto,Ontario,M2M 6J7,4,true
30,97,"90, 56 Cumberland Street",,Toronto,Ontario,M3R 4K8,4,true
31,98,292 Queen Street,,Charlottetown,Prince Edward Island,C1A 6E8,4,false
32,44,Röntgenstraße 90,3. Tür rechts,Frankfurt,Hessen,D-60314,2,true
33,47,Mathildenstraße 67,,Berlin,Berlin,D-12051,2,true
34,47,Porschestraße 54,,Bonn,Nordrhein-Westfalen,D-53225,2,true
35,47,Nordseedamm 3,,Hamburg,Hamburg,D-22609,2,true
36,48,Kulmseestraße 25,,Berlin,Berlin,D-14109,2,true
37,48,Kaiserstraße 37,,Dresden,Sachsen,D-01219,2,false
38,48,Karolingerplatz 14,,Düsseldorf,Nordrhein-Westfalen,D-40595,2,true
39,48,Linke Uferstraße 73,,Frankfurt,Hessen,D-65989,2,true
40,48,Moorstraße 7,,Hamburg,Hamburg,D-20539,2,true
41,48,Otto-Karl-Straße 89,,Mannheim,Baden-Württemberg,D-68165,2,true
42,49,Jubelstraße 23,,Berlin,Berlin,D-12527,2,true
43,49,Adenauerufer 105,,Mainz,Rheinland-Pfalz,D-55131,2,true
44,49,Goetheplatz 1,,Frankfurt,Hessen,D-60528,2,true
45,49,Heideweg 18,,Frankfurt,Hessen,D-60433,2,true
46,49,Grotestraße 40,,Hannover,Niedersachsen,D-30629,2,true
47,50,Nestorstraße 83,,Berlin,Berlin,D-10711,2,true
48,50,Leibnitzstraße 53,,Kiel,Schleswig-Holstein,D-24113,2,true
49,50,Am Hang 30,,Schwerin,Mecklenburg-Vorpommern,D-19063,2,true
50,50,Lyoner Straße 14,,Frankfurt,Hessen,D-60386,2,true
51,50,Ahornstraße 82,,Potsdam,Brandenburg,D-14482,2,true
52,51,Pastoratsgasse 7,,Bonn,Nordrhein-Westfalen,D-53121,2,true
53,51,Neßdeichweg 12,,Bremen,Bremen,D-28759,2,true
54,51,Rostocker Straße 102,,Frankfurt,Hessen,D-60320,2,true
55,51,Müggenburger Straße 10,,Hamburg,Hamburg,D-21037,2,true
56,54,Am Mainkai 17,,Frankfurt,Hessen,D-60219,2,true
57,54,Aachener Straße 6,,Saarbrücken,Saarland,D-66115,2,true
58,54,Urachstraße 11,,Freiburg,Baden-Württemberg,D-79102,2,true
59,54,Albert-Einstein-Straße 74,,Erfurt,Thüringen,D-99089,2,true
60,57,Grubesallee 141,4. Stock,Hamburg,Hamburg,D-22335,2,false
61,58,Händelstraße 81,,Bremen,Bremen,D-28237,2,true
62,58,Hubertusgasse 19,,München,Bayern,D-80800,2,true
63,47,Platanenstraße 41,,Magdeburg,Sachsen-Anhalt,D-39116,2,true
67,99,2479 Broad Street,P.O. Box 827,Hartford,Connecticut,06134-0615,3,true
68,99,6743 Justica Street,,Atlanta,Georgia,30364,3,true
69,99,5873 Wheatland Road,,Baltimore,Maryland,21287,3,true
70,99,4378 Wyse Avenue,,Boston,Massachusetts,02142,3,true
71,99,834 Longfellow Avenue,,Buffalo,New York,14169,3,true
72,99,87 First Avenue,,New York,New York,10035,3,true
73,100,843 24th Street West,,Billings,Montana,59102,3,true
74,100,2845 South Second Street,,Lincoln,Nebraska,68538,3,true
75,101,1902 Lancaster Street,,New York,New York,10039,3,true
76,101,762 Main Street,,New York,New York,10021,3,true
77,101,8831 Hetson Avenue,,New York,New York,10053,3,true
78,101,10423 Kenwood Road,Suite 221,Cincinnati,Ohio,45265,3,true
79,101,386 Governor Street,,Providence,Rhode Island,02967,3,true
80,102,332 South Main Street,P.O. Box 224,Hanover,New Hampshire,03761,3,true
81,103,795 South Jefferson,Suite 210,Springfield,Missouri,65856,3,true
82,103,743 Fraine Barracks Road,,Bismark,North Dakota,58537,3,true
83,103,582 NE Tomahawk Island Drive,,Portland,Oregon,97295,3,true
84,104,7543 South Carson Street,,Carson City,Nevada,89763,3,true
85,104,738 Stoney Road,,Las Vegas,Nevada,89118,3,true
86,104,702 North Meridian,Suite 220,Oklahoma City,Oklahoma,73186,3,true
87,104,1210 Somerville Avenue,P.O. Box 4390,Chattanooga,Tennessee,37405-0955,3,true
88,104,83 Nirson Road,,Houston,Texas,77112,3,true
89,104,628 Prince Street,,Alexandria,Virginia,22323,3,true
90,104,17432 Aurora Ave. N.,,Seattle,Washington,98154,3,true
91,104,1733 Christopher Street,,Charleston,West Virginia,25301-1299,3,true
92,105,1809 Tusalane Avenue,,Miami,Florida,33021,3,false
93,105,804 Fawcett Road,,Atlanta,Georgia,30352,3,true
94,105,832 Vensa Crescent,,Dallas,Texas,75293,3,true
95,106,932 Ohmey Avenue,,Los Angeles,California,90211,3,true
96,106,438 Kelson Road,,Los Angeles,California,90203,3,true
97,106,3410 Selson Avenue,,San Diego,California,92132,3,true
98,106,73 Stanley Avenue,,San Francisco,California,94135,3,true
99,106,37 Raleigh Avenue,,San Francisco,California,94129,3,true
100,95,4830 Princeton,Unit 2,Albuquerque,New Mexico,87186,3,true
101,95,6630 Burnet Road,,Austin,Texas,78769,3,true
102,108,2189 Louisville Road,,Independence,Kentucky,41051,3,false
103,109,1700 George Street,Suite 1B,San Francisco,California,94127,3,true
104,109,121 Dove Street,,Albany,New York,12210,3,true
105,109,36 Burside Street,,New York,New York,10044,3,true
106,109,3728 Lester Avenue,,New York,New York,10041,3,true
107,109,283 Mondela Street,,Dallas,Texas,75287,3,true
108,109,2893 South 700 West,,Salt Lake City,Utah,84146,3,true
109,110,266 S. Christopher Road,,Chapel Hill,North Carolina,27533,3,true
110,110,1488 Orleans Road,P.O. Box 1128,Charleston,South Carolina,29414,3,true
111,111,172 N. Cave Creek Road,,Phoenix,Arizona,85052,3,true
112,111,518 Colombe Street,,San Francisco,California,94133,3,true
113,112,19 Cavicta Avenue,,Boulder,Colorado,80332,3,true
114,113,3278 Crest Avenue,,Houston,Texas,77009,3,true
115,113,272 Main Street,,Montpelier,Vermont,05611,3,true
116,113,938 Jasmine Crescent,,Richmond,Virginia,23234,3,true
117,113,325 Wayside Street,,Seattle,Washington,98140,3,true
118,113,433 West Broadway,,Madison,Wisconsin,53722,3,true
119,113,4881 East Second Street,,Casper,Wyoming,82645,3,true
120,114,2015 Charles Drive,,Dover,Delaware,19935,3,false
121,114,16823 Atlantic Blvd.,,Jacksonville,Florida,32287,3,true
122,114,235 Salter Street,,Miami,Florida,33025,3,true
123,114,6392 Lakewood Avenue,,Atlanta,Georgia,30371,3,true
124,115,2103 Ashbury Street,P.O. Box 2167,Los Angeles,California,90060,3,true
125,115,333 Ustaff Way,Suite 67,San Diego,California,92120,3,true
126,115,76 Young Avenue,,Denver,Colorado,80287,3,true
127,115,"3411 Champlain Street, NW",Suite 110,Washington,DC,20032,3,true
128,115,1378 Toley Acres Road,,Miami,Florida,33024,3,true
129,115,2384 Klein Street,,Atlanta,Georgia,30367,3,true
130,116,35 Independence Drive,,Birmingham,Alabama,35215,3,true
131,116,937 Hilson Crescent,Suite 2-4,Boston,Massachusetts,02141,3,true
132,116,992 Delton Crescent,,Boston,Massachusetts,02139,3,true
133,116,5890 McCoy Drive,,Jackson,Mississippi,39286,3,true
134,116,809 Main Street,,Lake Placid,New York,12976,3,true
135,117,231 Linson Street,,Boulder,Colorado,80341,3,true
136,117,832 Rourson Avenue,,Denver,Colorado,80289,3,true
137,117,357 Trent Road,,Salt Lake City,Utah,84147,3,true
138,118,832 Mill Avenue,Unit 17,Phoenix,Arizona,85055,3,true
139,118,7773 Green Park Road,,Tucson,Arizona,85713,3,true
140,118,3866 Point Circle,,Little Rock,Arkansas,72287,3,true
141,118,1201 N. State College Blvd.,,Anaheim,California,92815,3,false
142,118,603 Blueridge Crescent,,Los Angeles,California,90045,3,true
143,118,92 Clark Road,,Las Vegas,Nevada,89123,3,true
144,119,2917 W. Bannock,,Boise,Idaho,83718,3,true
145,119,3211 E. Sherwood Road,Suite 101,Chicago,Illinois,60652,3,true
146,119,2101 West 6th Street,P.O. Box 1172,Indianapolis,Indiana,46240-2015,3,true
147,119,6894 Jefferson,,Detroit,Michigan,48296,3,true
148,119,1655 East Superior Street,,Duluth,Minnesota,55810,3,true
149,119,1730 St. Joseph Street,Suite 125,Rapid City,South Dakota,57739,3,true
150,120,1206 Spenard Road,,Anchorage,Alaska,99534,3,true
151,121,1529 Kapahula Avenue,,Honolulu,Hawaii,96857,3,true
152,122,731 Victoria Avenue,,San Diego,California,92112,3,true
153,122,5538 Arapahoe,Suite 10,Boulder,Colorado,80331,3,true
154,122,927 Burney Street,,Denver,Colorado,80288,3,true
155,123,1290 21st Ave. SW,,Cedar Rapids,Iowa,52421,3,true
156,123,5321 SW. Fairlawn,,Topeka,Kansas,66703,3,true
157,123,295 Farm Road,,Portland,Maine,04112,3,true
158,123,172 Huntington Avenue,,Boston,Massachusetts,02187,3,true
159,123,7332 Atlantic Avenue,,Atlantic City,New Jersey,08401-6399,3,true
160,123,567 Rivington Avenue,,New York,New York,10027,3,true
161,123,463 Bateman Drive,,New York,New York,10037,3,true
162,123,237 Paltrim Road,,New York,New York,10035,3,true
163,123,2219 Fritchey Street,,Philadelphia,Pennsylvania,19176,3,true
164,124,738 Greyling Street,,San Diego,California,92129,3,true
165,124,1623 Elmont Way,,Boulder,Colorado,80339,3,true
166,124,9023 Mainline Road,,Denver,Colorado,80279,3,true
167,124,2845 Elise Drive,P.O. Box 12496,Baton Rouge,Louisiana,70895-5492,3,true
195,1,"49, boul. d'Arcole",Cedex 101,Paris,,F-75004,1,true
196,1,"61, place des Églantiers",Boîte postale 3478,Paris,,F-75004,1,true
197,1,"12, rue Mulhouse",,Strasbourg,,F-67000,1,true
198,15,"22, rue Saint-Jean",,Lyon,,F-69005,1,true
199,15,"34, route de Marseille",,Nice,,F-06200,1,true
200,23,"30, boul. de Québec",,Orléans,,F-45000,1,true
201,32,"9, rue Sala",,Lyon,,F-69002,1,true
202,32,"2, rue des Ponchettes",,Nice,,F-6300,1,true
203,32,"126, avenue Genier",Cedex 23,Paris,,F-75003,1,true
204,32,"18, rue des Écoliers",Cedex 03,Paris,,F-75015,1,true
205,33,"15, rue Capdeville",,Bordeaux,,F-33000,1,true
206,33,"120, rue Martel",,Chamonix,,F-74400,1,true
207,33,"100, avenue du Marché",Boîte postale 250,Poitiers,,F-86000,1,true
208,33,"46, voie du Maréchal",,Roubaix,,F-59020,1,true
209,34,"5, rue Vercors",,Grenoble,,F-38000,1,true
210,35,"124, boul. Henri-Ronard",Boîte postale 800,Annecy,,F-74000,1,true
211,35,"27, cours du Médoc",,Bordeaux,,F-33001,1,true
212,35,"45, rue Vaubecour",,Lyon,,F-69002,1,true
213,35,"18, rue St-Denis",Cedex 25,Paris,,F-75018,1,true
214,35,"1, rue Descartes",,Roubaix,,F-59100,1,true
215,37,"1, rue de la Contrescarpe",Boîte postale 8000,Nantes,,F-44000,1,true
216,37,"50, rue de Bagnolet",,Paris,,F-75020,1,true
217,37,"24b, avenue Gustave",,Strasbourg,,F-67100,1,true
218,37,"205, rue Richelieu",,Tours,,F-37020,1,true
219,125,"67, avenue Daumesnil",Boîte postale 16,Marseille,,F-13023,1,true
220,125,"200, boul. des Cerisiers",,Nice,,F-6300,1,true
221,125,"4, rue André-Ampère",,Orléans,,F-45100,1,true
222,125,"12, rue de Vaneau",Cedex 07,Paris,,F-75007,1,true
223,125,"14, rue Ménilmontant",,Paris,,F-75020,1,true
224,126,Calle Tulum No. 45,Brisas,Cancún,Quintana Roo,90890,20,true
225,126,"Oriente 233, No. 341",Industrial Vallejo,Distrito Federal,México,08500,20,true
226,126,Avda. Chapultepec 246-303,Virreyes,Distrito Federal,México,06700,20,true
227,126,Av. Pacífico No. 164,Chapalita,Guadalajara,Jalisco,80480,20,true
228,126,Plaza Federales No. 19,Circunvalación,Puerto Vallarta,Jalisco,70760,20,true
229,127,Francisco Munguía No. 45,Atahualpa,Monterey,Nuevo León,30530,20,true
230,128,"Río Rhin 56, Piso 6",Cuauhtemoc,Distrito Federal,México,06500,20,true
231,128,"Tuxpan No. 54, Int. 509",Roma Sur,Distrito Federal,México,06760,20,true
232,128,Cerro de La Libertad 158,Campestre Churubusco,Distrito Federal,México,14320,20,true
233,128,Via. Dr. Gustavo Baz 8000,Tlalnepantla,México City,México,54060,20,true
235,129,1-8 Konohana,Konohana-ku,Osaka-shi,Osaka,554-0005,11,true
236,136,346-126 Nishikamakuracho,Naka-ku,Hiroshima-shi,Hiroshima,730-0048,11,true
237,131,23-1-9 Jingukouen Mae,Koutou-ku,Tokyo,Tokyo,135-0030,11,true
238,131,900-23-564 Kanda Ogawamachi,Chiyoda-ku,Tokyo,Tokyo,101-0052,11,true
239,135,342-1-17 Kansaibashi,Ikuno-ku,Osaka-shi,Osaka,544-0009,11,true
240,129,232-87-515 Nakano,Miyagino-ku,Sendai-shi,Miyagi,983-0013,11,false
241,129,433-17-230 Shimozaki,Hakata-ku,Fukuoka-shi,Fukuoka,812-0027,11,true
242,130,31-14-99 Higashi Ikebukuro,Toshima-ku,Tokyo,Tokyo,170-0013,11,true
243,134,672-321 Kanda Ogawamachi,Chiyoda-ku,Tokyo,Tokyo,101-0026,11,true
244,129,341-31-5 Furuikemachi,Minami-ku,Hiroshima-shi,Hiroshima,730-0000,11,false
245,130,110-981 Hayashicho,Asakita-ku,Hiroshima-shi,Hiroshima,731-0202,11,true
246,130,31-6-61 Tomoshiro,Minami-ku,Hiroshima-shi,Hiroshima,734-0000,11,true
247,130,1-1-1 Hamakubo,Shibuya-ku,Tokyo,Tokyo,150-0004,11,true
248,132,78-98-390 Tennou,Chuou-ku,Fukuoka-shi,Fukuoka,810-0001,11,true
249,132,981-628-582 Fukushima,Fukushima-ku,Osaka-shi,Osaka,553-0003,11,true
250,132,765-789-432 Nakano,Naka-ku,Tokyo,Tokyo,164-0001,11,true
251,132,3-4-2 Hongou,Bunkyo-ku,Tokyo,Tokyo,113-0033,11,true
252,132,553-11-22 Sotokanda,Chiyoda-ku,Tokyo,Tokyo,101-0021,11,true
253,133,452-321-5 Kumaishi,Nishi-ku,Fukuoka-shi,Fukuoka,819-0000,11,true
254,133,20-190-2 Hashizakimachi,Taihaku-ku,Sendai-shi,Miyagi,982-0875,11,true
255,133,876-9-873 Higashiaoyama,Shibuya-ku,Tokyo,Tokyo,150-0003,11,true
256,134,1-8 Miyakojima,Miyakojima-ku,Osaka-shi,Osaka,534-0014,11,true
257,134,11-33-11 Hita,Kita-ku,Osaka-shi,Osaka,530-0000,11,true
258,134,443-21 Kaminagaramachi,Naka-ku,Hiroshima-shi,Hiroshima,730-0013,11,true
259,134,784-55-98 Naniwa,Naniwa-ku,Osaka-shi,Osaka,556-0025,11,true
260,137,Finlandsgatan 20,,Stockholm,,S-114 57,10,true
261,137,Ågatan 15,,Arvika,,S-541 10,10,true
262,137,Forsgatan 18,,Karlstad,,S-335 20,10,true
263,137,Gustavsgatan 1,,Ludvika,,S-665 00,10,true
264,137,Ejdergatan 7 B,,Sundsvall,,S-668 90,10,true
265,138,Apoteksgatan 2,,Bollnäs,,S-335 85,10,true
266,138,Datavägen 56,,Malmö,,S-115 55,10,true
267,138,Eklundsgatan 18,,Göteborg,,S-411 10,10,true
268,138,Gröna vägen 32,,Solna,,S-118 30,10,true
269,37,Ängsgatan 45,,Stockholm,,S-113 54,10,true
270,37,Carl Gustavs Väg 21,,Malmö,,S-225 11,10,true
271,140,Drottninggatan 21,,Mölndal,,S-422 67,10,true
272,141,Beets 36,,Beets,,1475 JC,7,true
273,141,Perestraat 1,,Deventer,,7412 BV,7,true
274,141,Laan van Meerdervoort 966,,Den Haag,,2564 AV,7,true
275,141,Kalfjeslaan 47,,Amstelveen,,1181 BN,7,true
276,141,Startbaan 11,,Amstelveen,,1185 XP,7,true
277,142,Noorderspoorsingel 28,,Groningen,,9716 JE,7,true
278,143,Hogehilweg 13,,Amsterdam,,1000 BA,7,true
279,143,Spoorstraat 43,,Varsseveld,,7051 CH,7,true
280,144,Westhavenweg 8,,Amsterdam,,1014 BD,7,true
281,144,Westzeedijk 4,,Muiden,,1398 BB,7,true
282,144,Gooiergracht 91,,Laren,,1251 VC,7,true
283,144,Hoofdstraat 150,,Pieterburen,,9968 AH,7,true
284,145,Olde Diek 2,,Laren,,7245 VS,7,true
285,145,Amsterdamsestraatweg 8,,Maarssen,,3604 AA,7,true
286,145,Krayenhoffstraat 11,,Amsterdam,,1018 DE,7,true
287,145,Overschiestraat 19,,Amsterdam,,1062 XC,7,true
288,145,Havenbuurt 12,,Marken,,1156 AL,7,true
289,146,Duivendaal 1,,Wageningen,,6701 AP,7,true
290,146,Voorstraat 37,,Nieuweschans,,9693 EE,7,true
291,146,Stadhouderslaan 18,,Rotterdam,,3051 HG,7,true
304,147,Corso XXII Marzo 69,,Bologna,,I-40101,6,true
305,147,Viale Argonne 61,,Bergamo,,I-24102,6,true
306,147,Via Cherubini 26,,Firenze,,I-50103,6,true
307,147,Via C. Colombo 31,,Milano,,I-20121,6,true
308,147,Piazza Riaffrico 19,,Roma,,I-00106,6,true
309,148,Via Industriale 76,,Torino,,I-10120,6,true
310,148,Corso Umberto II 168,,Genova,,I-16200,6,true
311,148,Via Monte Ceneri 33,,Napoli,,I-80100,6,true
312,148,Corso Matteotti 125,,Roma,,I-00100,6,true
313,149,Viale Romagna 67,,Roma,,I-00103,6,true
314,149,Piazza Doggale 17,,Venezia,,I-30115,6,true
315,150,Corso Buenos Aires 45,,Milano,,I-20125,6,true
316,155,2415 Queen's Ave,,Melbourne,VIC,2088,16,true
317,157,120 Southern Ocean Dr,Unit 16,Brisbane,VIC,3000,16,true
318,155,125 Victoria Road,,Cairns,VIC,3220,16,true
319,155,32 Angora Road,,Perth,NSW,2043,16,true
320,156,14 Phillip St.,26th Floor,Cairns,VIC,3122,16,true
321,155,295 Tall Trees Ave.,23rd Floor,NewCastle,NSW,2154,16,true
322,157,945 St. Kilda Ave.,Level 14,Sydney,VIC,3182,16,true
323,157,219 Queen Victoria Street,Level 10,Melbourne,VIC,3000,16,true
324,157,29 Macquaric St.,# 17,NewCastle,NSW,2000,16,true
325,157,936 Castlereich St.,Level 6,Sydney,NSW,2154,16,true
326,158,"Atlántico, 56",,Barcelona,Barcelona,08002,19,true
327,158,"Córcega, 89-E",,Barcelona,Barcelona,08005,19,true
328,159,"Latorre, 56",,Barcelona,Barcelona,08002,19,true
329,158,"Arenal, 90",,Bilbao,Vizcaya,48005,19,true
330,158,"Laurel, 2",,Logroño,La Rioja,26000,19,true
331,159,"San Millán, 3-10",,Logroño,La Rioja,26004,19,true
332,158,"Carrera de Oriente, 58-5",,Madrid,Madrid,28698,19,true
333,159,"Núñez de Balboa, 46",,Madrid,Madrid,28006,19,true
334,159,"Romareda, 24",Edificio La Trompa,Zaragoza,Zaragoza,50009,19,true
335,160,"Alameda Santos, 9876",6o. Andar,São Paulo,SP,04571-010,21,true
336,161,Bredgade 33,,København,,DK-1530,18,true
337,37,St. Kongens Vej,,København,,DK-1732,18,true
338,161,Århusgade 55,,Kolding,,DK-6050,18,true
339,161,H.C. Andersens Gade 91,,Roskilde,,DK-2030,18,true
340,161,Europavej 99,,Aarhus,,DK-8320,18,true
341,161,Bronzevej 18,,Birkerød,,DK-2750,18,true
342,168,Yrittäjänkatu 21,,Tampere,,FIN-33900,22,true
343,168,Simontie 1,,Porvoo,,FIN-06100,22,true
344,168,Stenbäckinkatu 9,,Turku,,FIN-28540,22,true
345,168,Kirkkopuistikko 4,,Helsinki,,FIN-00520,22,true
346,168,Mikkolantie 1,,Vantaa,,FIN-01710,22,true
347,170,"56-8, Kamman-Dong",Nam-Ku,Pusan,,608-070,13,true
348,172,"514-3, Daechi-Dong",Kangnam-Ku,Seoul,,135-280,13,true
349,170,"78-1, Do-Dong",Tong-Ku,Taegu,,701-280,13,true
350,170,"987-6, Seocho-Dong",Seocho-Ku,Seoul,,137-070,13,true
351,170,"89-4, Mok-Dong",Chung-Ku,Taejeon,,301-030,13,true
352,171,"56-3, Namchun-Dong",Suyoung-Ku,Pusan,,613-010,13,true
353,171,"997-6, Samsung-Dong",Kangnam-Ku,Seoul,,135-090,13,true
354,171,"103-1, Yangjae-Dong",Seocho-Ku,Seoul,,137-130,13,true
355,171,"78-1, Juahn-Dong",Nam-Ku,Incheon,,401-200,13,true
356,171,"86-7, Gung-Dong",Tong-Ku,Kwangju,,501-010,13,true
357,174,"100-1, Jing-Ping Road",,Chungho City,Taipei,235,12,true
358,172,"75, Chung-Yi Road",,Tucheng City,Taipei,236,12,true
359,174,"329, Section 1, Wen-Hua Road",Section 1,Banchiao City,Taipei,220,12,true
360,172,"86, Shing-Fu Road",,Shinchuang City,Taipei,242,12,true
361,174,"139, Bei-Da Road",,Hsinchu,Hsinchu,300,12,true
362,173,"19, Wu-Chiuan 2nd Road",,Wugu Shiang,Taipei,248,12,true
363,172,"328, Wu-Hua Street",,Sanchung City,Taipei,241,12,true
364,174,"637, Chun-Zih Road",,Taoyuan City,Taoyuan,330,12,true
365,172,"335, Chung-Ching Road",,Banchiao City,Taipei,220,12,true
366,174,"1F, No.2, Chung-Cheng Road",,Shulin City,Taipei,238,12,true
376,175,No. 59 Yangfangdian Xi,Haidian District,Beijing,,100038,14,true
377,177,No.1 Fuxing Road,,Beijing,,100844,14,true
378,175,No. 133 Shangdong St.,,Chengdu,Sichuan,610016,14,true
379,177,No. 339 Huanshi Dong Road,,Guangzhou,Guangdong,510098,14,true
380,175,No. 371 Huanshi Dong Road,,Guangzhou,Guangdong,510095,14,true
381,176,No. 318 Huancheng Bei Road,,Hangzhou,Zhejiang,310012,14,true
382,175,No. 822 Nanzhen Road,,Shanghai,,200333,14,true
383,177,No. 283 Huaihai Zhong Road,Luwan District,Shanghai,,200001,14,true
384,177,"22/F, Shuian Center",8 Harbour Road,Chaiwan,Hong Kong,,14,true
385,177,No. 18 Xinxing St.,"",Zhengzhou,Henan,450052,14,true
386,181,139 Page Street,,London,,NW9 8AA,9,true
387,182,Kelvin House,Talisman Road,Birmingham,West Midlands,B20 3BA,9,true
388,180,The Beeches,14 Church Street,Bristol,Avon,BS9 2JR,9,true
389,180,14 Bath Road,,London,,NW1 1LJ,9,true
390,183,Seaton House,3 Aberford Road,Reading,Berkshire,RG5 3HA,9,true
391,183,1 Cherry Lane,Mole Business Park,London,,SE6 4NR,9,true
392,181,1 Tudor Court,Regent Street,Milton Keynes,Buckinghamshire,MK17 9EA,9,true
393,178,11 The Golf Links,,Southampton,Hampshire,SO30 0PZ,9,true
394,179,202 Llantwit Road,,Oxford,Oxfordshire,MK17 9EA,9,true
395,179,223 Denmark Road,,London,,E13 8DB,9,true
396,183,24 The Lanes,,Brighton,Sussex,BN2 4EL,9,true
397,181,60 Princess Street,,London,,SW9 6SQ,9,true
398,181,62 Ashbourne Road,,Bristol,Avon,BS7 0TR,9,true
399,183,64 Primett Road,,Southampton,Hampshire,SO30 2EB,9,true
400,184,7 Holgate Court,Western Road,Milton Keynes,Buckinghamshire,MK12 5DW,9,true
401,182,7 Milford Street,,Southampton,Hampshire,SO30 2NU,9,true
402,181,85 Frampton Street,,London,,SE4 2NU,9,true
403,183,Albany House, 20 Gordon Road,Brighton,Sussex,BN2 4DA,9,true
404,178,Bridge Court,21 Bridge Street,Brighton,Sussex,BN2 3AL,9,true
405,178,Canada House,Station Road,London,,E10 5AQ,9,true
406,181,City House,15 City Square,London,,E15 3JR,9,true
407,182,Exchange Court,1 Exchange Square,Brighton,Sussex,BN2 7FG,9,true
408,182,Keyford Court,12 Church Street,Nottingham,Nottinghamshire,NG2 2LB,9,true
409,178,The Valley Centre,Friar Street,London,,E17 3DP,9,true
410,180,Vanwall Business Park,601 Warwick Road,Reading,Berkshire,RG7 5NF,9,true
411,188,Grafenau 12,,Basel,,CH-4051,8,true
412,37,"56, route de Genève",,Lausanne,,CH-1047,8,true
413,37,Piazza dell'Indipendenza 14,,Bellinzona,,CH-6556,8,true
414,185,Neuhof 5,,Kirchberg,,CH-3422,8,true
415,188,Kirchstraße 66,,Zürich,,CH-8057,8,true
416,37,Via Lago 51,,Lugano,,CH-6922,8,true
417,186,"66, rue du Président",,Genève,,CH-1245,8,true
418,186,"123, rue des Chocolatiers",,Lausanne,,CH-1078,8,true
419,186,"65, rue de l'Horloge",,Fribourg,,CH-1769,8,true
420,186,"89, route d'Evian",,Genève,,CH-1244,8,true
421,188,Treichlerstrasse 124,,Zürich,,CH-8057,8,true
422,186,Siwerdstraße 104,,Zürich,,CH-8050,8,true
423,188,Hauptstraße 53,,St. Gallen,,CH-9006,8,true
424,189,Leuvensesteenweg 325,,Zaventem,,B-1930,17,true
425,189,Hospitaalstraat 17,,Sint-Niklaas,,B-9100,17,true
426,189,Waaistraat 6,,Leuven,,B-3000,17,true
427,189,Pelikaanstraat 70,,Antwerpen,,B-2018,17,true
428,193,Avenue des 9 Provinces 3,B 109,Bruxelles,,B-1083,17,true
429,194,Rue de la Grande Campagne 3,,Arlon,,B-6700,17,true
430,194,Rue Des Déportés 143,,Arlon,,B-6700,17,true
431,194,Rue Sainte Véronique 2 D,,Liège,,B-4000,17,true
432,194,Bld Zoe Drion,,Charleroi,,B-6000,17,true
433,194,Bld De La Sauvenière 12,,Liège,,B-4000,17,true
434,211,Hofstraße 77,,Wien,,A-1210,5,true
435,211,Steinweg 4,,Kottingbrunn,,A-2442,5,true
436,211,Spielstraße 22,,Ternitz,,A-2630,5,true
437,211,Linzer Straße 35,,Loorsdorf,,A-3382,5,true
438,211,Im Weingarten 90,,Graz,,A-8010,5,true
439,209,Hüttenstraße 87,,Klosterneuburg,,A-3400,5,true
440,209,Hauptstraße 85,,Linz,,A-4015,5,true
441,209,Amselweg 8,,Innsbruck,,A-6020,5,true
442,209,Hasengasse 38,,Ischgl,,A-6561,5,true
443,210,Hammerstraße 26,,Innsbruck,,A-6020,5,true
